{"rifle": {"ammo maximum": 49.9499991, "cold damage": 89.9999982, "critical chance": 149.994009, "critical damage": 119.997, "base damage / melee damage": 164.999691, "damage vs corpus": 44.9999991, "damage vs grineer": 44.9999991, "damage vs infested": 44.9999991, "electric damage": 89.9999982, "fire rate / attack speed": 60.03, "projectile speed": 89.9999982, "heat damage": 89.9999982, "impact damage": 119.97, "magazine capacity": 49.9950018, "multishot": 89.9999982, "punch through": 2.69999991, "puncture damage": 119.97, "reload speed": 49.9950018, "slash damage": 119.97, "status chance": 89.9999982, "status duration": 99.99, "toxin damage": 89.9999982, "recoil": 89.9999982, "zoom": 59.994}, "pistol": {"ammo maximum": 89.9999982, "cold damage": 89.9999982, "critical chance": 149.994009, "critical damage": 89.9999982, "base damage / melee damage": 219.6, "damage vs corpus": 44.9999991, "damage vs grineer": 44.9999991, "damage vs infested": 44.9999991, "electric damage": 89.9999982, "fire rate / attack speed": 74.6999991, "projectile speed": 89.9999982, "heat damage": 89.9999982, "impact damage": 119.97, "magazine capacity": 49.9950018, "multishot": 119.7, "punch through": 2.69999991, "puncture damage": 119.97, "reload speed": 49.9950018, "slash damage": 119.97, "status chance": 89.9999982, "status duration": 99.99, "toxin damage": 89.9999982, "recoil": 89.9999982, "zoom": 80.0999982}, "melee": {"fire rate / attack speed": 54.8999991, "chance to gain extra combo count": 58.7699991, "chance to not gain combo count": 104.85, "cold damage": 89.9999982, "combo duration": 8.10000036, "critical chance": 180, "critical damage": 89.9999982, "base damage / melee damage": 164.700009, "damage vs corpus": 44.9999991, "damage vs grineer": 44.9999991, "damage vs infested": 44.9999991, "electric damage": 89.9999982, "finisher damage": 119.7, "heat damage": 89.9999982, "channeling efficiency": 73.4399973, "impact damage": 119.7, "channeling damage": 24.5016009, "puncture damage": 119.7, "range": 1.94219991, "slash damage": 119.7, "critical chance on slide attack": 120.006, "status chance": 89.9999982, "status duration": 99, "toxin damage": 89.9999982}, "shotgun": {"ammo maximum": 90, "cold damage": 89.9999982, "critical chance": 89.9999982, "critical damage": 89.9999982, "base damage / melee damage": 164.700009, "damage vs corpus": 44.9999991, "damage vs grineer": 44.9999991, "damage vs infested": 44.9999991, "electric damage": 89.9999982, "fire rate / attack speed": 89.9999982, "projectile speed": 89.9999982, "heat damage": 89.9999982, "impact damage": 119.97, "magazine capacity": 49.9950018, "multishot": 119.7, "punch through": 2.69999991, "puncture damage": 119.97, "reload speed": 49.9950018, "slash damage": 119.97, "status chance": 89.9999982, "status duration": 99, "toxin damage": 89.9999982, "recoil": 89.9999982}, "archgun": {"ammo maximum": 99.9, "cold damage": 119.7, "critical chance": 99.9, "critical damage": 80.0999982, "base damage / melee damage": 99.9, "damage vs corpus": 44.9999991, "damage vs grineer": 44.9999991, "damage vs infested": 44.9999991, "electric damage": 119.7, "fire rate / attack speed": 60.03, "heat damage": 119.7, "impact damage": 89.9999982, "magazine capacity": 60.2999982, "multishot": 60.2999982, "punch through": 2.69999991, "puncture damage": 89.9999982, "reload speed": 99.9, "slash damage": 89.9999982, "status chance": 60.2999982, "status duration": 99.99, "toxin damage": 119.7, "recoil": 89.9999982, "zoom": 59.994}}